{"cameraMode":{"drawMode":0,"name":"Shaded","section":"Shading Mode"},"sceneLighting":true,"audioPlay":false,"sceneViewState":{"showFog":true,"showMaterialUpdate":false,"showSkybox":true,"showFlares":true,"showImageEffects":true,"showParticleSystems":true},"in2DMode":false,"pivot":{"x":102.26075744628906,"y":6.987405776977539,"z":-94.25068664550781},"rotation":{"x":-0.1213277131319046,"y":0.05416607856750488,"z":-0.0066307829692959789,"w":-0.9911123514175415},"size":1.5073950290679932,"orthographic":false}