{"cameraMode":{"drawMode":0,"name":"Shaded","section":"Shading Mode"},"sceneLighting":true,"audioPlay":false,"sceneViewState":{"showFog":true,"showMaterialUpdate":false,"showSkybox":true,"showFlares":true,"showImageEffects":true,"showParticleSystems":true},"in2DMode":false,"pivot":{"x":100.88607025146485,"y":3.4406113624572756,"z":-90.10942840576172},"rotation":{"x":-0.1902453452348709,"y":0.6119169592857361,"z":-0.15482120215892793,"w":-0.7519280910491943},"size":4.88803243637085,"orthographic":false}