{"cameraMode":{"drawMode":0,"name":"Shaded","section":"Shading Mode"},"sceneLighting":false,"audioPlay":false,"sceneViewState":{"showFog":true,"showMaterialUpdate":false,"showSkybox":false,"showFlares":true,"showImageEffects":true,"showParticleSystems":true},"in2DMode":false,"pivot":{"x":3.2800002098083498,"y":5.333000183105469,"z":-0.1499999761581421},"rotation":{"x":-0.006917224265635014,"y":0.7819653153419495,"z":-0.6232272386550903,"w":-0.008679295890033245},"size":5.626832962036133,"orthographic":false}